{
  "accuracy": 0.9757231404958677,
  "elapsed_sec": 41.9974524974823,
  "num_samples": 1936,
  "classes": [
    "apple",
    "banana",
    "orange",
    "potato",
    "tomato"
  ]
}