{
  "accuracy": 0.5010330578512396,
  "elapsed_sec": 72.0606758594513,
  "num_samples": 1936,
  "classes": [
    "fresh",
    "rotten"
  ]
}